{"auc": 0.6874774566212907, "acc": 0.6543474956297028, "loss": 310.8568115234375, "_timestamp": 1700555957.448316, "_runtime": 673.9825341701508, "_step": 19, "_wandb": {"runtime": 673}}