{"auc": 0.7994673993752419, "acc": 0.7386413736401225, "loss": 203.60423278808594, "_timestamp": 1700322860.9947038, "_runtime": 1814.7990808486938, "_step": 9, "_wandb": {"runtime": 1814}}