{"auc": 0.685022639278759, "acc": 0.6553925666945353, "loss": 318.4884948730469, "_timestamp": 1700556809.3836164, "_runtime": 681.2726075649261, "_step": 19, "_wandb": {"runtime": 680}}