{"auc": 0.8025529463947216, "acc": 0.7407385341324786, "loss": 203.62232971191406, "_timestamp": 1700320754.4857082, "_runtime": 1840.6091122627258, "_step": 9, "_wandb": {"runtime": 1840}}