{"auc": 0.7517977443608942, "acc": 0.7198129993371245, "loss": 246.4765625, "_timestamp": 1700549268.0069005, "_runtime": 1248.1970405578613, "_step": 19, "_wandb": {"runtime": 1247}}