{"auc": 0.6849222196557314, "acc": 0.65446150338223, "loss": 317.77899169921875, "_timestamp": 1700555040.5840895, "_runtime": 680.3800225257874, "_step": 19, "_wandb": {"runtime": 679}}