{"auc": 0.8305681076263953, "acc": 0.7594044540829094, "loss": 192.12991333007812, "_timestamp": 1700383360.0178463, "_runtime": 1802.2850732803345, "_step": 9, "_wandb": {"runtime": 1801}}