{"auc": 0.7899233020630196, "acc": 0.7320520000476627, "loss": 203.2977294921875, "_timestamp": 1700305907.2556744, "_runtime": 1868.1451904773712, "_step": 9, "_wandb": {"runtime": 1867}}