{"auc": 0.755975011982132, "acc": 0.7085961845405487, "loss": 275.5797424316406, "_timestamp": 1700554268.4575047, "_runtime": 679.8562006950378, "_step": 19, "_wandb": {"runtime": 679}}