{"auc": 0.75802842010503, "acc": 0.7220981753480096, "loss": 263.7888488769531, "_timestamp": 1700550779.8113544, "_runtime": 1255.7635045051575, "_step": 19, "_wandb": {"runtime": 1255}}