{"auc": 0.774097594583045, "acc": 0.7195524468858359, "loss": 207.0907440185547, "_timestamp": 1700316697.3389318, "_runtime": 1835.1034526824951, "_step": 9, "_wandb": {"runtime": 1834}}