{"auc": 0.7749849140586145, "acc": 0.7337682726860413, "loss": 262.3520812988281, "_timestamp": 1700552108.5410275, "_runtime": 1256.5009565353394, "_step": 19, "_wandb": {"runtime": 1255}}