{"auc": 0.7294154748455661, "acc": 0.7016536998918467, "loss": 220.22740173339844, "_timestamp": 1700547254.3297858, "_runtime": 725.9583947658539, "_step": 9, "_wandb": {"runtime": 725}}