{"auc": 0.7691122340652882, "acc": 0.7141248525434029, "loss": 209.9143829345703, "_timestamp": 1700368530.2075324, "_runtime": 1882.9841012954712, "_step": 9, "_wandb": {"runtime": 1882}}