{"auc": 0.6700221995477721, "acc": 0.6272326518203237, "loss": 278.0118713378906, "_timestamp": 1700560561.5483787, "_runtime": 104.46344470977783, "_step": 0, "_wandb": {"runtime": 106}}